Username,Password,Name
louis,pass,Louis Kueh
louis,pass,Louis Kueh 2
ï¿½GL	ï¿½Y{oï¿½ï¿½M6ï¿½,ï¿½ï¿½~ï¿½1^9ï¿½)ï¿½ï¿½ï¿½ï¿½,testEncrypt
ï¿½1ï¿½2ï¿½ï¿½i.ï¿½ï¿½ï¿½(Aï¿½,"Eï¿½/;,=ï¿½ï¿½ï¿½ï¿½ï¿½+",Elisa
%ï¿½ï¿½ï¿½ï¿½0ï¿½TÄ¿Nï¿½Ò¬ï¿½,%ï¿½ï¿½ï¿½ï¿½0ï¿½TÄ¿Nï¿½Ò¬ï¿½,kavin
"qï¿½_ï¿½ï¿½6ï¿½""|Kh+ï¿½ï¿½ï¿½E","qï¿½_ï¿½ï¿½6ï¿½""|Kh+ï¿½ï¿½ï¿½E",
"qï¿½_ï¿½ï¿½6ï¿½""|Kh+ï¿½ï¿½ï¿½E","qï¿½_ï¿½ï¿½6ï¿½""|Kh+ï¿½ï¿½ï¿½E",
"Pï¿½ï¿½JEtï¿½ï¿½,lï¿½J",ï¿½ï¿½ï¿½[>hï¿½\È‹ï¿½ï¿½V,Test
ï¿½GL	ï¿½Y{oï¿½ï¿½M6ï¿½,ï¿½GL	ï¿½Y{oï¿½ï¿½M6ï¿½,test2
ï¿½ï¿½GL	ï¿½Y{oï¿½ï¿½M6ï¿½,ï¿½Zï¿½ï¿½ï¿½ï¿½ï¿½ï¿½ï¿½hÜŠï¿½ï¿½,test account
ï¿½Jï¿½pMï¿½ï¿½/ï¿½ï¿½I/ï¿½!_,ï¿½Jï¿½pMï¿½ï¿½/ï¿½ï¿½I/ï¿½!_,whatever
